experience,test_score(out of 10),interview_score(out of 10),predicted_salary
1,7.0,8,51112.081513828234
4,6.0,9,59910.48034934497
6,9.0,8,68868.26783114993
8,8.0,7,70443.23144104803
12,9.0,9,87951.23726346434
